<?xml version="1.0" encoding="UTF-8"?>
<services xmlns="http://www.demandware.com/xml/impex/services/2014-09-26">
    <service-credential service-credential-id="bluesnap">
        <url>https://sandbox.bluesnap.com/services/2/transactions</url>
        <user-id></user-id>
        <password masked="true"></password>
    </service-credential>

    <service-profile service-profile-id="bluesnap">
        <timeout-millis>5000</timeout-millis>
        <rate-limit-enabled>false</rate-limit-enabled>
        <rate-limit-calls>0</rate-limit-calls>
        <rate-limit-millis>0</rate-limit-millis>
        <cb-enabled>false</cb-enabled>
        <cb-calls>10</cb-calls>
        <cb-millis>0</cb-millis>
    </service-profile>

    <service service-id="bluesnap.http">
        <service-type>HTTP</service-type>
        <enabled>true</enabled>
        <log-prefix>bluesnap</log-prefix>
        <comm-log-enabled>false</comm-log-enabled>
        <force-prd-enabled>true</force-prd-enabled>
        <mock-mode-enabled>false</mock-mode-enabled>
        <profile-id>bluesnap</profile-id>
        <credential-id>bluesnap</credential-id>
    </service>
</services>
